patient_id	TMB	n_mutations	mut_TTN	mut_MUC16	mut_BRAF	mut_DNAH5	mut_PCLO	mut_LRP1B	mut_ADGRV1	mut_ANK3	mut_CSMD1	mut_DNAH7	mut_RP1	mut_PKHD1L1	mut_XIRP2	mut_MGAM	mut_FAT4	mut_HYDIN	mut_DSCAM	mut_APOB	mut_FLG	mut_USH2A
TCGA-3N-A9WB	3.526315789473684	134	1	0	1	1	0	0	0	0	0	0	0	0	1	1	0	0	0	0	1	0
TCGA-3N-A9WC	37.28947368421053	1417	1	1	1	1	0	1	1	1	1	0	0	1	1	1	1	1	1	1	1	1
TCGA-3N-A9WD	18.973684210526315	721	1	1	0	1	1	1	0	0	1	1	1	1	1	1	1	1	0	1	1	0
TCGA-BF-A1PU	1.6842105263157894	64	1	0	1	0	1	0	0	1	0	0	0	1	0	0	0	0	0	0	1	0
TCGA-BF-A1PV	5.973684210526316	227	1	1	0	0	0	1	0	0	1	0	0	0	0	0	0	1	0	0	0	1
TCGA-BF-A1PX	6.131578947368421	233	1	1	0	0	0	0	0	0	0	0	1	0	1	1	0	0	0	0	0	0
TCGA-BF-A1PZ	4.947368421052632	188	0	1	0	0	1	0	0	0	0	0	0	0	1	0	0	0	1	0	0	1
TCGA-BF-A1Q0	12.842105263157896	488	1	1	0	0	1	1	0	0	1	1	0	0	0	0	1	1	0	1	0	1
TCGA-BF-A3DJ	2.8947368421052633	110	1	1	1	0	0	0	0	0	0	0	0	0	0	0	1	0	0	0	0	0
TCGA-BF-A3DL	9.5	361	1	1	1	1	1	0	0	0	0	0	0	1	0	1	0	1	0	1	0	0
TCGA-BF-A3DM	8.947368421052632	340	1	1	1	1	0	0	0	0	1	1	1	0	0	0	0	0	0	0	0	0
TCGA-BF-A3DN	1.7105263157894737	65	0	1	1	0	0	0	0	0	0	0	0	0	0	0	0	0	0	0	0	0
TCGA-BF-A5EO	12.81578947368421	487	1	1	0	1	1	0	1	1	0	1	0	0	1	0	1	1	0	1	0	1
TCGA-BF-A5EP	3.5	133	1	1	0	0	0	0	0	0	1	0	0	0	0	0	0	0	0	0	0	0
TCGA-BF-A5EQ	12.18421052631579	463	1	1	1	1	1	1	0	0	1	1	1	0	1	1	0	1	0	1	0	0
TCGA-BF-A5ER	3.9473684210526314	150	1	1	1	0	0	0	1	0	0	0	0	0	0	0	0	0	1	0	0	0
TCGA-BF-A5ES	10.473684210526315	398	1	1	0	1	0	0	0	0	1	1	0	0	0	0	0	1	1	0	0	0
TCGA-BF-A9VF	1.6578947368421053	63	0	0	1	0	0	0	0	0	0	0	0	0	0	0	0	0	0	0	0	0
TCGA-BF-AAOU	6.578947368421052	250	1	1	0	0	1	0	0	0	0	0	0	0	1	0	0	0	0	0	1	0
TCGA-BF-AAOX	25.55263157894737	971	1	1	0	1	1	1	1	0	1	1	0	0	1	1	1	1	0	1	0	1
TCGA-BF-AAP0	8.736842105263158	332	1	1	1	1	1	0	0	1	0	1	0	0	1	0	0	0	0	0	1	0
TCGA-BF-AAP1	17.026315789473685	647	1	1	1	0	1	1	1	0	0	1	0	1	1	1	1	1	1	0	0	1
TCGA-BF-AAP2	27.05263157894737	1028	1	1	0	1	1	0	1	1	1	1	1	1	1	1	0	1	0	1	1	1
TCGA-BF-AAP4	16.13157894736842	613	1	1	0	1	0	0	1	0	0	1	0	0	1	0	0	0	1	1	1	1
TCGA-BF-AAP6	1.394736842105263	53	0	0	1	0	0	0	0	0	0	0	0	0	0	0	0	0	0	0	0	0
TCGA-BF-AAP7	9.526315789473685	362	1	1	1	0	1	0	1	0	0	0	0	0	0	0	1	0	0	0	0	0
TCGA-BF-AAP8	0.21052631578947367	8	0	0	0	0	0	0	0	0	0	0	0	0	0	0	0	0	0	0	0	0
TCGA-D3-A1Q1	1.105263157894737	42	1	0	0	0	0	0	0	0	0	0	0	0	0	0	0	0	0	0	0	0
TCGA-D3-A1Q3	0.7105263157894737	27	0	0	0	0	0	0	0	0	0	0	0	0	0	0	0	0	0	0	0	0
TCGA-D3-A1Q4	5.2894736842105265	201	1	1	1	1	0	1	0	0	0	0	0	0	0	0	0	0	0	0	0	0
TCGA-D3-A1Q5	7.447368421052632	283	1	1	1	1	0	0	0	0	0	0	0	0	0	0	0	0	0	0	0	1
TCGA-D3-A1Q6	15.842105263157896	602	1	1	1	1	1	0	1	0	1	0	1	1	0	1	1	0	0	0	1	0
TCGA-D3-A1Q7	1.7894736842105263	68	0	0	1	0	1	0	0	0	0	0	0	0	0	0	0	0	0	0	0	0
TCGA-D3-A1Q8	4.684210526315789	178	1	0	0	0	1	0	1	0	1	0	0	0	0	0	0	0	0	0	0	0
TCGA-D3-A1Q9	0.7105263157894737	27	0	0	1	0	0	0	0	0	0	0	0	1	0	0	0	0	0	0	0	0
TCGA-D3-A1QA	8.5	323	0	1	1	1	0	0	1	0	0	0	0	0	0	0	0	1	1	0	0	0
TCGA-D3-A1QB	7.631578947368421	290	1	1	0	1	0	0	0	0	0	0	0	0	1	0	1	0	0	0	1	0
TCGA-D3-A2J6	0.34210526315789475	13	0	0	0	0	0	0	0	0	0	0	0	0	0	0	0	0	0	0	0	0
TCGA-D3-A2J7	7.184210526315789	273	1	1	1	1	0	0	0	1	0	1	0	1	0	1	0	1	0	1	0	0
TCGA-D3-A2J8	10.026315789473685	381	1	1	0	0	1	0	1	1	0	1	1	1	0	0	0	0	0	0	0	0
TCGA-D3-A2J9	1.0	38	0	0	0	0	0	0	0	0	0	0	0	0	0	0	0	0	0	0	0	0
TCGA-D3-A2JA	7.131578947368421	271	1	1	0	0	1	0	0	0	0	0	1	1	0	0	0	0	0	1	0	0
TCGA-D3-A2JB	0.3157894736842105	12	0	0	0	0	0	0	0	0	0	0	0	0	0	0	0	0	0	0	0	0
TCGA-D3-A2JC	3.763157894736842	143	0	1	0	1	0	0	0	0	1	0	0	0	0	0	1	0	1	0	0	0
TCGA-D3-A2JD	7.2105263157894735	274	1	1	1	0	1	0	0	0	0	1	0	0	1	0	0	1	0	0	0	0
TCGA-D3-A2JE	6.2894736842105265	239	1	0	1	0	1	1	0	0	0	0	0	1	0	0	0	0	0	0	1	0
TCGA-D3-A2JF	30.026315789473685	1141	1	1	0	1	1	1	1	1	1	1	1	1	0	0	0	0	1	1	0	0
TCGA-D3-A2JG	2.026315789473684	77	1	0	1	1	0	0	0	0	0	0	0	0	0	0	0	0	0	0	0	0
TCGA-D3-A2JH	12.026315789473685	457	0	1	1	1	0	1	1	0	0	1	0	0	1	0	0	0	0	1	1	1
TCGA-D3-A2JK	5.842105263157895	222	1	1	1	1	0	0	0	0	0	0	1	0	0	0	0	1	1	0	1	0
TCGA-D3-A2JL	6.078947368421052	231	0	0	0	0	0	0	0	0	0	0	0	1	0	0	0	0	1	0	1	0
TCGA-D3-A2JN	6.868421052631579	261	1	1	1	0	0	0	0	0	1	1	0	0	0	0	0	0	0	1	0	0
TCGA-D3-A2JO	12.026315789473685	457	1	1	0	1	1	1	0	0	0	0	1	0	1	0	0	0	0	0	0	0
TCGA-D3-A2JP	5.2631578947368425	200	1	0	1	0	0	0	0	0	0	1	0	0	0	0	1	0	0	1	0	0
TCGA-D3-A3BZ	1.3157894736842106	50	0	0	0	0	0	0	0	0	0	0	0	0	0	0	0	0	0	0	0	0
TCGA-D3-A3C1	2.9473684210526314	112	0	1	1	0	0	0	0	0	0	1	0	0	1	0	0	1	1	0	1	1
TCGA-D3-A3C3	5.394736842105263	205	1	1	1	1	0	1	0	0	0	0	0	0	0	0	0	0	1	0	0	0
TCGA-D3-A3C6	2.026315789473684	77	0	1	1	0	0	0	0	0	0	0	0	0	1	0	0	0	0	0	0	0
TCGA-D3-A3C7	19.5	741	1	1	1	1	1	0	1	1	0	1	0	1	1	0	0	0	1	1	0	1
TCGA-D3-A3C8	8.026315789473685	305	1	1	0	1	0	0	0	1	0	1	0	0	0	0	0	0	0	0	1	0
TCGA-D3-A3CB	4.473684210526316	170	1	1	1	0	0	0	0	0	0	1	0	0	0	0	0	0	0	0	0	0
TCGA-D3-A3CC	0.7368421052631579	28	0	0	0	0	0	0	0	0	0	0	0	0	0	0	1	0	0	0	0	0
TCGA-D3-A3CE	0.7105263157894737	27	0	0	1	0	0	0	0	0	0	0	0	0	0	0	0	0	0	0	0	0
TCGA-D3-A3CF	0.6578947368421053	25	0	0	0	1	0	0	0	0	0	0	0	0	0	0	0	0	0	0	0	0
TCGA-D3-A3ML	18.842105263157894	716	1	1	0	1	1	1	1	1	1	1	1	1	0	1	1	0	1	0	0	0
TCGA-D3-A3MO	1.3157894736842106	50	0	0	1	0	0	0	0	0	0	0	0	0	0	0	1	0	0	0	0	0
TCGA-D3-A3MR	16.86842105263158	641	1	1	1	0	1	1	0	0	0	0	1	0	1	1	0	0	0	0	0	1
TCGA-D3-A3MU	10.342105263157896	393	1	1	1	1	1	1	0	1	0	0	0	0	0	1	0	1	0	0	1	0
TCGA-D3-A3MV	10.263157894736842	390	1	1	0	1	0	1	0	1	0	0	0	1	0	0	0	1	1	0	0	1
TCGA-D3-A51E	5.7631578947368425	219	1	1	0	0	1	0	0	0	0	0	1	0	0	1	0	0	1	0	1	0
TCGA-D3-A51F	2.026315789473684	77	0	0	0	0	0	0	0	0	0	0	0	0	0	0	0	0	0	0	0	0
TCGA-D3-A51G	24.31578947368421	924	1	1	0	1	1	0	1	0	1	0	1	1	0	0	0	1	1	1	1	1
TCGA-D3-A51H	0.3157894736842105	12	0	0	0	0	0	0	0	0	0	0	0	0	0	0	0	0	0	0	0	0
TCGA-D3-A51J	9.289473684210526	353	1	1	1	0	0	1	0	0	0	0	0	1	0	0	1	0	1	1	0	1
TCGA-D3-A51K	0.5526315789473685	21	0	0	0	0	0	0	0	0	0	0	0	0	0	0	0	0	0	0	0	0
TCGA-D3-A51N	1.9473684210526316	74	0	0	1	0	0	0	0	0	0	0	0	0	0	0	0	0	1	0	0	0
TCGA-D3-A51R	14.368421052631579	546	1	1	0	1	1	0	0	1	1	1	0	1	1	1	1	1	0	1	1	0
TCGA-D3-A51T	23.973684210526315	911	1	1	1	1	0	1	0	1	1	0	1	0	1	1	0	1	1	1	0	1
TCGA-D3-A5GL	8.921052631578947	339	0	1	0	1	0	0	0	1	0	1	0	0	0	0	0	1	0	0	0	1
TCGA-D3-A5GN	9.710526315789474	369	1	1	1	0	1	1	1	0	0	0	0	0	1	0	0	0	0	0	0	0
TCGA-D3-A5GO	31.763157894736842	1207	1	1	0	1	1	1	1	1	1	1	1	1	1	1	1	1	1	1	1	1
TCGA-D3-A5GR	5.315789473684211	202	1	0	1	1	0	0	0	0	1	0	0	0	0	1	0	1	1	1	0	0
TCGA-D3-A5GS	8.026315789473685	305	1	1	1	1	1	0	0	0	1	1	0	0	1	0	1	0	0	1	1	0
TCGA-D3-A5GT	0.6052631578947368	23	0	0	1	0	0	0	0	0	0	0	0	0	0	0	0	0	0	1	0	0
TCGA-D3-A5GU	15.578947368421053	592	1	1	1	1	0	0	1	0	0	0	1	1	0	0	1	1	0	1	0	0
TCGA-D3-A8GB	20.63157894736842	784	1	1	1	0	1	1	0	1	1	1	1	0	0	1	0	1	0	1	0	0
TCGA-D3-A8GC	16.789473684210527	638	1	1	0	1	1	1	1	1	1	0	1	1	0	0	0	0	0	0	1	0
TCGA-D3-A8GD	2.289473684210526	87	0	0	1	0	0	0	0	0	0	0	0	0	0	0	0	0	0	0	0	1
TCGA-D3-A8GE	0.10526315789473684	4	0	0	0	0	0	0	0	0	0	0	0	0	0	0	0	0	0	0	0	0
TCGA-D3-A8GI	104.28947368421052	3963	1	1	0	1	1	1	1	1	1	1	1	1	1	1	1	1	1	1	1	1
TCGA-D3-A8GJ	3.6315789473684212	138	1	1	1	0	0	0	1	0	0	0	1	0	0	0	0	0	0	0	0	1
TCGA-D3-A8GK	11.657894736842104	443	1	1	0	1	1	1	1	1	1	0	1	1	1	0	0	1	0	1	0	1
TCGA-D3-A8GL	37.1578947368421	1412	1	1	0	1	1	1	1	1	0	1	1	1	0	1	1	1	1	1	1	1
TCGA-D3-A8GM	79.63157894736842	3026	1	1	1	1	1	1	1	1	1	1	1	1	1	1	1	1	1	1	1	1
TCGA-D3-A8GN	4.421052631578948	168	1	1	1	0	1	1	0	0	1	0	0	1	0	1	1	0	0	0	0	0
TCGA-D3-A8GO	11.31578947368421	430	1	1	1	1	1	1	0	0	0	0	0	0	0	1	1	0	0	0	0	0
TCGA-D3-A8GP	12.473684210526315	474	1	1	0	1	1	0	1	0	1	0	1	1	0	0	1	0	0	0	1	1
TCGA-D3-A8GQ	28.736842105263158	1092	1	1	0	1	1	0	1	1	1	1	1	1	1	1	1	1	1	1	1	0
TCGA-D3-A8GR	7.842105263157895	298	1	1	0	1	0	0	0	1	1	1	0	1	0	0	0	0	0	1	0	0
TCGA-D3-A8GS	4.2105263157894735	160	1	0	1	0	0	1	0	1	0	1	0	0	0	0	0	1	1	0	0	1
TCGA-D3-A8GV	8.236842105263158	313	1	1	1	1	0	1	1	0	1	0	0	1	0	0	0	1	1	1	1	0
TCGA-D9-A148	5.552631578947368	211	1	1	1	1	0	1	1	0	0	1	0	0	0	0	0	0	0	0	0	0
TCGA-D9-A149	4.7631578947368425	181	1	0	0	0	0	0	1	0	0	1	0	0	1	0	0	0	1	0	0	0
TCGA-D9-A1JW	18.157894736842106	690	1	1	1	1	0	1	1	1	0	0	0	0	1	0	1	1	1	1	1	0
TCGA-D9-A1JX	3.6052631578947367	137	1	1	1	0	1	0	0	0	0	0	0	0	0	0	1	0	0	0	0	0
TCGA-D9-A1X3	0.7105263157894737	27	0	0	0	0	0	0	0	0	0	0	0	0	0	0	0	0	0	0	0	0
TCGA-D9-A3Z1	10.0	380	1	1	0	0	0	1	1	0	0	1	0	0	1	0	0	0	0	1	1	0
TCGA-D9-A3Z3	2.789473684210526	106	1	0	1	0	0	0	0	0	0	0	0	0	0	0	0	0	0	0	0	0
TCGA-D9-A3Z4	3.0789473684210527	117	1	0	0	0	0	0	1	0	0	0	0	0	0	0	0	0	0	0	0	0
TCGA-D9-A4Z2	0.5	19	0	0	1	0	1	0	0	0	0	0	0	0	0	0	0	0	1	0	0	0
TCGA-D9-A4Z3	16.92105263157895	643	0	1	0	1	1	1	0	0	1	0	1	1	0	1	0	0	1	0	0	0
TCGA-D9-A4Z5	1.5	57	0	0	1	0	0	0	0	0	0	0	1	0	0	0	0	0	0	0	1	0
TCGA-D9-A4Z6	5.894736842105263	224	1	0	1	0	0	1	0	0	0	0	1	0	1	0	1	1	0	0	0	1
TCGA-D9-A6E9	3.6578947368421053	139	0	0	1	1	0	0	0	0	1	0	0	0	1	0	0	0	0	0	0	0
TCGA-D9-A6EA	13.447368421052632	511	1	1	0	1	0	1	1	0	1	0	0	1	1	1	1	0	0	0	1	1
TCGA-D9-A6EC	90.21052631578948	3428	1	1	1	1	1	1	1	1	1	1	1	1	1	1	1	1	1	0	1	1
TCGA-D9-A6EG	1.5789473684210527	60	1	0	1	0	0	0	0	0	0	0	0	0	0	0	0	0	0	1	0	0
TCGA-DA-A1HV	27.81578947368421	1057	1	1	0	1	1	1	1	1	1	1	1	1	1	1	0	1	1	1	1	1
TCGA-DA-A1HW	6.7368421052631575	256	1	1	1	1	0	0	0	0	0	0	0	0	0	0	0	0	1	0	0	0
TCGA-DA-A1HY	14.973684210526315	569	1	1	1	1	1	1	1	1	0	1	0	1	1	1	0	0	0	1	1	1
TCGA-DA-A1I0	10.31578947368421	392	1	1	1	0	1	1	1	1	0	0	1	1	1	0	0	0	0	0	0	1
TCGA-DA-A1I1	7.947368421052632	302	1	0	0	0	1	0	0	0	1	0	0	0	0	0	0	0	0	1	0	0
TCGA-DA-A1I2	2.3421052631578947	89	0	0	1	0	0	0	0	0	0	0	0	0	0	1	0	0	1	0	0	0
TCGA-DA-A1I4	5.657894736842105	215	1	1	1	1	0	1	1	1	0	0	1	0	0	0	1	0	0	1	1	0
TCGA-DA-A1I5	9.210526315789474	350	1	0	1	0	0	0	0	1	0	1	0	0	1	1	0	0	0	1	0	0
TCGA-DA-A1I7	8.657894736842104	329	0	1	1	1	1	0	0	0	1	0	0	0	0	0	0	0	0	0	0	0
TCGA-DA-A1I8	3.289473684210526	125	1	0	1	0	0	0	0	0	0	0	1	1	0	1	0	0	1	0	0	0
TCGA-DA-A1IA	7.0	266	1	0	0	0	0	0	0	0	0	0	0	0	1	0	0	0	1	0	0	0
TCGA-DA-A1IB	0.07894736842105263	3	0	0	0	0	0	0	0	0	0	0	0	0	0	0	0	0	0	0	0	1
TCGA-DA-A1IC	20.157894736842106	766	1	1	0	1	1	1	1	0	1	1	1	0	0	0	0	0	0	0	0	1
TCGA-DA-A3F2	0.0	0	0	0	0	0	0	0	0	0	0	0	0	0	0	0	0	0	0	0	0	0
TCGA-DA-A3F3	6.447368421052632	245	0	0	0	1	0	0	1	1	0	0	1	0	0	0	0	0	0	0	0	1
TCGA-DA-A3F5	6.815789473684211	259	1	1	1	1	1	1	0	0	0	0	0	0	0	0	1	1	0	0	0	0
TCGA-DA-A3F8	23.763157894736842	903	1	1	1	1	1	1	0	1	1	0	1	0	1	1	1	1	0	1	1	0
TCGA-DA-A95V	5.473684210526316	208	1	0	0	1	1	1	0	0	0	0	0	1	0	0	0	0	0	0	0	0
TCGA-DA-A95W	3.3684210526315788	128	1	1	1	0	1	1	0	0	0	0	0	0	0	0	1	0	0	0	0	0
TCGA-DA-A95X	11.105263157894736	422	1	0	0	1	0	0	1	1	1	1	0	0	0	0	1	0	1	1	0	0
TCGA-DA-A95Y	8.81578947368421	335	1	1	1	1	1	0	0	0	1	0	0	0	0	0	0	0	1	0	1	0
TCGA-DA-A95Z	40.078947368421055	1523	1	1	1	1	1	1	1	1	1	1	1	1	1	1	1	1	0	1	1	1
TCGA-DA-A960	17.36842105263158	660	1	1	0	1	0	0	1	1	1	1	0	0	0	0	1	0	1	0	0	0
TCGA-EB-A1NK	2.8157894736842106	107	1	0	0	1	1	1	0	0	0	1	1	0	0	0	0	0	0	0	0	0
TCGA-EB-A24C	0.6052631578947368	23	0	0	1	0	0	0	0	0	0	0	0	0	0	0	0	0	0	0	0	0
TCGA-EB-A24D	11.5	437	1	1	1	0	1	1	1	0	0	0	1	0	0	0	0	1	0	0	1	0
TCGA-EB-A299	2.9473684210526314	112	0	1	1	1	0	0	0	0	0	0	0	1	1	0	1	0	0	0	0	0
TCGA-EB-A3HV	0.9473684210526315	36	1	0	1	0	0	0	0	0	0	0	0	0	0	0	0	0	0	0	0	0
TCGA-EB-A3XB	10.631578947368421	404	1	1	1	1	1	1	1	0	1	0	0	0	0	0	1	0	1	0	0	0
TCGA-EB-A3XC	8.157894736842104	310	1	1	1	0	1	0	1	0	0	1	0	0	0	0	0	1	1	0	1	0
TCGA-EB-A3XD	6.5	247	1	1	1	1	0	0	1	0	0	1	0	0	0	0	0	0	0	0	1	1
TCGA-EB-A3XE	0.4473684210526316	17	0	0	1	0	0	0	0	0	0	0	0	0	0	0	0	0	1	0	0	0
TCGA-EB-A3XF	7.868421052631579	299	0	1	1	0	0	1	1	1	1	0	0	0	0	0	0	0	0	0	0	0
TCGA-EB-A3Y6	12.368421052631579	470	1	1	1	0	1	0	1	1	0	0	1	0	1	0	1	0	0	0	1	1
TCGA-EB-A3Y7	22.789473684210527	866	1	1	0	0	1	0	0	1	0	1	1	1	1	0	1	1	1	1	0	1
TCGA-EB-A41A	38.3421052631579	1457	1	1	0	1	1	1	1	1	1	1	1	1	1	1	1	1	1	1	1	1
TCGA-EB-A41B	8.052631578947368	306	1	1	0	1	0	0	1	1	1	1	0	0	0	0	0	1	0	1	0	0
TCGA-EB-A42Y	1.4473684210526316	55	1	0	0	0	0	0	0	0	0	0	1	0	1	0	0	0	1	0	0	0
TCGA-EB-A42Z	2.1315789473684212	81	0	1	1	0	0	1	0	0	0	0	0	0	0	1	0	0	0	0	0	0
TCGA-EB-A430	8.578947368421053	326	1	1	1	0	1	0	0	1	0	0	0	1	0	1	0	0	0	0	0	0
TCGA-EB-A431	34.63157894736842	1316	1	1	1	1	0	0	1	1	1	1	1	0	0	1	1	1	1	0	0	1
TCGA-EB-A44N	3.0526315789473686	116	0	1	1	0	0	0	0	0	0	0	0	0	0	1	0	0	1	0	0	0
TCGA-EB-A44O	10.236842105263158	389	1	0	0	0	1	0	0	0	0	1	0	0	1	1	0	0	0	1	0	0
TCGA-EB-A44P	6.552631578947368	249	1	0	1	0	0	1	1	0	0	0	0	0	0	0	1	1	0	0	1	1
TCGA-EB-A44Q	0.9736842105263158	37	0	0	0	0	0	0	0	0	0	0	0	0	0	0	0	0	0	0	0	0
TCGA-EB-A44R	1.0526315789473684	40	0	0	0	0	0	0	0	0	0	0	0	0	0	0	0	0	0	1	0	0
TCGA-EB-A4IQ	0.23684210526315788	9	0	0	0	0	0	0	0	0	0	0	0	0	0	0	0	0	0	0	0	0
TCGA-EB-A4IS	10.710526315789474	407	1	1	1	0	1	1	1	1	0	0	1	0	0	1	1	0	0	1	0	0
TCGA-EB-A4OY	1.1842105263157894	45	0	0	0	0	1	0	0	0	0	0	0	0	0	0	0	0	0	0	0	0
TCGA-EB-A4OZ	0.21052631578947367	8	0	0	0	0	0	0	0	0	0	0	0	0	0	0	0	0	0	0	0	0
TCGA-EB-A4P0	3.710526315789474	141	0	1	1	0	0	0	0	0	0	0	1	1	1	0	0	0	0	0	0	0
TCGA-EB-A4XL	9.473684210526315	360	1	1	0	0	0	1	1	0	0	0	0	0	0	0	0	0	1	0	1	0
TCGA-EB-A51B	8.263157894736842	314	0	0	0	0	0	1	1	1	1	0	0	0	0	1	0	0	0	0	1	0
TCGA-EB-A550	3.3684210526315788	128	0	1	1	1	0	0	0	0	0	0	0	0	0	0	1	0	0	0	0	0
TCGA-EB-A551	6.947368421052632	264	1	1	0	0	0	0	0	1	0	0	0	0	0	0	0	1	0	0	1	1
TCGA-EB-A553	7.026315789473684	267	1	1	1	1	0	0	0	1	0	0	0	0	0	0	1	0	0	0	0	0
TCGA-EB-A57M	1.0	38	0	0	0	0	0	0	0	0	0	0	0	0	0	0	0	0	0	0	0	0
TCGA-EB-A5FP	8.131578947368421	309	1	1	1	1	0	1	0	0	0	1	0	0	0	0	0	1	1	0	0	1
TCGA-EB-A5KH	0.7894736842105263	30	0	0	0	0	0	0	0	0	0	0	0	0	0	0	0	0	0	0	0	0
TCGA-EB-A5SE	5.7631578947368425	219	1	1	1	1	0	0	1	0	0	1	0	0	1	0	0	0	0	0	0	0
TCGA-EB-A5SF	0.5789473684210527	22	1	0	0	0	0	0	0	0	0	0	0	0	0	0	0	0	0	0	0	0
TCGA-EB-A5SG	5.078947368421052	193	1	0	0	1	1	0	0	1	0	0	0	0	0	1	1	0	1	0	0	0
TCGA-EB-A5SH	2.0789473684210527	79	1	0	0	0	0	0	0	0	0	0	0	0	0	0	0	0	0	0	0	0
TCGA-EB-A5UL	9.131578947368421	347	1	0	0	0	0	0	1	0	0	0	0	0	0	0	0	1	0	0	0	1
TCGA-EB-A5UM	11.657894736842104	443	1	1	0	0	0	0	0	0	1	1	0	0	1	1	0	1	0	1	0	1
TCGA-EB-A5UN	14.68421052631579	558	1	1	1	0	1	0	1	0	0	1	0	0	1	0	0	1	1	1	0	0
TCGA-EB-A5VU	0.868421052631579	33	0	0	0	0	0	0	0	0	0	0	0	0	0	0	0	0	0	0	0	0
TCGA-EB-A5VV	0.0	0	0	0	0	0	0	0	0	0	0	0	0	0	0	0	0	0	0	0	0	0
TCGA-EB-A6L9	0.34210526315789475	13	0	0	0	0	0	0	0	0	0	0	0	0	0	0	0	0	0	0	0	0
TCGA-EB-A6QY	12.710526315789474	483	1	1	1	1	1	1	0	0	0	0	0	0	1	1	1	1	0	1	1	0
TCGA-EB-A6QZ	5.657894736842105	215	1	0	1	0	1	1	1	0	0	1	0	0	0	1	1	0	0	0	0	0
TCGA-EB-A6R0	7.7894736842105265	296	1	0	1	0	0	1	0	0	0	0	0	1	0	1	0	0	0	0	0	1
TCGA-EB-A82B	0.8947368421052632	34	0	0	0	0	0	0	0	0	0	0	0	0	0	0	0	0	0	0	0	0
TCGA-EB-A82C	0.631578947368421	24	0	0	0	0	0	0	1	0	0	0	0	0	0	0	0	0	0	0	0	0
TCGA-EB-A85I	4.078947368421052	155	1	1	1	1	0	0	0	0	0	0	0	1	0	1	1	0	0	0	0	0
TCGA-EB-A85J	8.052631578947368	306	1	1	0	1	1	1	0	1	1	1	1	0	1	0	0	0	0	0	1	1
TCGA-EB-A97M	6.078947368421052	231	1	0	0	1	1	0	0	0	0	0	0	0	0	0	0	0	0	0	0	0
TCGA-EE-A17X	16.710526315789473	635	1	1	0	0	1	1	1	1	0	1	1	1	1	1	1	0	1	0	0	0
TCGA-EE-A17Y	3.289473684210526	125	1	0	1	1	0	0	0	0	0	1	0	0	0	0	0	0	0	0	0	0
TCGA-EE-A17Z	0.5	19	0	0	0	0	0	0	0	0	0	0	0	0	0	0	0	0	0	0	0	0
TCGA-EE-A180	11.105263157894736	422	1	1	0	0	0	0	0	0	0	1	0	1	1	1	0	0	1	0	1	0
TCGA-EE-A181	54.39473684210526	2067	1	1	1	1	1	1	1	0	1	1	1	0	1	1	1	1	1	1	1	1
TCGA-EE-A182	29.86842105263158	1135	1	1	0	0	1	1	0	1	1	1	1	1	1	1	1	1	0	1	1	1
TCGA-EE-A183	14.026315789473685	533	1	0	1	1	1	1	0	1	1	0	0	1	0	0	1	0	1	1	0	0
TCGA-EE-A184	5.7368421052631575	218	1	0	0	1	1	0	1	1	1	0	0	0	0	0	0	0	0	0	0	0
TCGA-EE-A185	4.026315789473684	153	1	1	0	1	0	0	0	0	0	0	1	0	0	0	1	0	0	0	0	1
TCGA-EE-A20B	3.9210526315789473	149	0	1	1	1	0	0	1	0	1	1	0	0	0	0	0	1	0	0	0	0
TCGA-EE-A20C	41.921052631578945	1593	1	1	0	1	1	1	1	1	0	1	1	1	1	0	1	1	1	1	1	1
TCGA-EE-A20F	9.31578947368421	354	1	1	1	1	1	1	1	1	1	0	1	1	0	0	1	1	0	0	1	0
TCGA-EE-A20H	12.552631578947368	477	1	1	1	1	1	1	0	0	1	1	0	0	1	0	1	0	0	1	0	0
TCGA-EE-A20I	0.34210526315789475	13	0	0	0	0	0	0	0	0	0	0	0	0	0	0	0	0	0	0	0	0
TCGA-EE-A29A	5.2105263157894735	198	1	1	1	0	0	0	0	1	1	0	0	1	0	0	1	1	0	0	0	0
TCGA-EE-A29B	11.631578947368421	442	1	1	0	1	0	1	0	1	0	0	0	1	0	1	0	0	0	0	0	0
TCGA-EE-A29C	8.5	323	1	1	1	1	0	1	0	1	0	0	0	0	0	1	0	0	0	0	0	1
TCGA-EE-A29D	75.42105263157895	2866	1	1	0	1	1	1	1	1	1	1	1	1	1	1	1	1	1	1	1	1
TCGA-EE-A29E	69.42105263157895	2638	1	1	1	1	1	1	1	1	1	1	1	1	1	1	1	1	1	1	1	1
TCGA-EE-A29G	6.5	247	1	0	0	1	0	0	0	1	0	0	0	0	0	0	0	0	1	1	0	0
TCGA-EE-A29H	6.2631578947368425	238	1	1	1	1	0	0	1	0	0	0	1	0	1	1	0	0	0	0	1	0
TCGA-EE-A29L	39.13157894736842	1487	1	1	0	1	1	1	0	1	1	1	1	1	1	1	1	1	0	1	1	1
TCGA-EE-A29M	48.23684210526316	1833	1	1	1	1	1	1	1	1	1	1	1	1	1	1	0	1	1	1	1	1
TCGA-EE-A29N	12.631578947368421	480	1	1	1	0	1	0	1	1	1	1	0	1	0	1	0	0	1	0	1	1
TCGA-EE-A29P	6.052631578947368	230	1	1	1	1	0	0	0	0	1	0	1	0	1	1	1	0	0	0	0	1
TCGA-EE-A29Q	5.868421052631579	223	1	1	0	1	0	0	0	0	0	0	1	0	0	1	1	1	0	1	1	0
TCGA-EE-A29R	13.342105263157896	507	1	1	0	1	1	1	1	0	1	0	0	1	1	0	1	1	1	1	0	0
TCGA-EE-A29S	20.973684210526315	797	1	1	0	1	0	1	1	0	1	1	0	1	1	0	0	1	1	0	0	1
TCGA-EE-A29T	7.7894736842105265	296	0	1	1	0	1	1	1	0	1	0	1	0	0	0	0	0	0	0	0	0
TCGA-EE-A29V	20.789473684210527	790	1	1	0	1	1	1	1	1	0	1	1	0	1	1	1	0	0	0	1	1
TCGA-EE-A29W	1.631578947368421	62	0	0	1	0	0	0	0	0	1	0	0	0	0	0	0	0	0	0	0	0
TCGA-EE-A29X	2.8421052631578947	108	0	0	0	1	1	1	0	0	0	0	0	0	0	0	0	0	0	0	0	0
TCGA-EE-A2A0	8.710526315789474	331	1	1	1	0	1	0	0	1	0	1	0	1	1	0	1	0	1	0	1	1
TCGA-EE-A2A1	7.894736842105263	300	0	1	0	1	1	0	0	1	0	0	0	1	0	0	0	0	0	0	0	1
TCGA-EE-A2A2	31.05263157894737	1180	1	1	0	1	1	1	1	1	0	1	1	1	1	1	1	1	1	0	0	0
TCGA-EE-A2A5	6.7368421052631575	256	1	1	0	0	0	0	0	0	0	0	0	0	0	1	0	0	0	0	0	0
TCGA-EE-A2A6	5.947368421052632	226	0	1	1	0	1	1	0	0	0	0	0	0	0	0	0	0	0	0	0	1
TCGA-EE-A2GB	13.552631578947368	515	1	1	1	1	1	1	0	0	1	1	0	0	0	1	0	1	0	1	1	0
TCGA-EE-A2GC	47.421052631578945	1802	1	1	1	1	1	1	1	1	1	1	1	1	1	1	1	1	1	0	1	0
TCGA-EE-A2GD	11.105263157894736	422	1	1	0	0	0	1	1	1	0	0	1	0	1	0	1	0	0	1	0	0
TCGA-EE-A2GE	4.631578947368421	176	1	1	1	0	1	1	1	0	1	0	1	0	0	0	0	0	1	0	0	0
TCGA-EE-A2GH	6.552631578947368	249	1	1	1	0	0	0	0	0	1	1	1	0	0	0	0	0	0	0	0	0
TCGA-EE-A2GI	30.894736842105264	1174	1	1	0	1	0	0	0	0	1	1	1	1	1	1	0	0	1	1	1	0
TCGA-EE-A2GJ	23.13157894736842	879	1	1	1	0	0	0	1	0	1	0	1	0	0	1	0	1	0	1	1	1
TCGA-EE-A2GK	0.0	0	0	0	0	0	0	0	0	0	0	0	0	0	0	0	0	0	0	0	0	0
TCGA-EE-A2GL	6.7368421052631575	256	0	1	0	0	0	0	0	0	0	0	0	0	0	0	0	0	0	1	0	0
TCGA-EE-A2GM	14.657894736842104	557	1	1	1	1	1	1	1	0	1	1	0	0	0	0	0	1	1	0	0	1
TCGA-EE-A2GN	9.078947368421053	345	1	1	0	0	0	1	1	0	0	0	0	0	1	0	0	0	1	0	0	0
TCGA-EE-A2GO	39.23684210526316	1491	1	1	1	1	1	0	1	1	1	1	1	1	1	1	1	1	1	0	1	1
TCGA-EE-A2GP	12.710526315789474	483	1	1	0	1	1	1	0	0	1	1	0	0	0	0	0	0	0	0	0	0
TCGA-EE-A2GR	31.55263157894737	1199	1	1	0	1	1	1	1	1	1	0	1	1	1	0	1	0	1	1	1	1
TCGA-EE-A2GS	7.052631578947368	268	1	1	1	1	1	1	1	0	0	0	0	0	0	0	1	0	0	1	0	0
TCGA-EE-A2GT	6.5	247	1	1	1	1	1	0	0	0	0	0	0	0	1	0	0	1	1	1	1	0
TCGA-EE-A2GU	11.68421052631579	444	1	1	0	1	0	0	1	0	0	1	0	0	1	0	0	0	1	1	0	1
TCGA-EE-A2M5	40.71052631578947	1547	1	1	1	1	1	1	0	1	1	0	1	1	1	1	0	0	1	1	1	1
TCGA-EE-A2M6	11.447368421052632	435	1	1	1	1	1	0	0	0	1	1	1	0	0	1	0	0	1	0	1	0
TCGA-EE-A2M7	1.0789473684210527	41	1	0	1	0	0	0	0	0	0	0	0	0	0	1	0	0	0	0	0	0
TCGA-EE-A2M8	1.894736842105263	72	1	1	1	0	0	0	0	1	0	0	0	0	0	0	0	0	0	0	0	1
TCGA-EE-A2MC	15.447368421052632	587	1	1	0	1	1	0	1	1	0	0	1	0	1	1	0	1	0	0	0	1
TCGA-EE-A2MD	33.421052631578945	1270	1	1	0	1	0	1	1	1	1	0	1	1	1	1	1	0	0	1	1	1
TCGA-EE-A2ME	0.47368421052631576	18	0	0	1	0	0	0	0	0	0	0	0	0	0	0	0	0	0	0	0	0
TCGA-EE-A2MF	15.605263157894736	593	1	1	0	1	1	1	0	1	1	0	0	1	1	0	0	0	0	0	0	0
TCGA-EE-A2MG	4.026315789473684	153	1	1	1	0	0	0	1	0	0	0	0	1	1	0	0	0	0	1	0	0
TCGA-EE-A2MH	2.5526315789473686	97	0	1	1	0	0	0	0	0	0	1	0	1	0	0	0	0	0	0	0	0
TCGA-EE-A2MI	21.736842105263158	826	1	1	0	1	1	1	1	0	0	1	0	0	0	1	1	1	1	1	0	1
TCGA-EE-A2MJ	35.8421052631579	1362	1	1	0	1	1	0	1	1	0	1	1	1	0	1	1	0	0	0	1	0
TCGA-EE-A2MK	5.842105263157895	222	1	1	1	0	0	0	1	0	0	0	0	0	0	1	1	0	1	0	1	0
TCGA-EE-A2ML	11.31578947368421	430	1	1	0	1	1	1	0	1	0	0	0	1	0	0	0	0	0	0	0	1
TCGA-EE-A2MM	10.842105263157896	412	1	1	0	1	1	0	1	1	0	0	1	0	0	0	0	0	1	0	1	1
TCGA-EE-A2MN	3.0789473684210527	117	1	0	0	1	0	0	0	0	0	0	0	1	0	0	0	0	0	0	0	0
TCGA-EE-A2MP	6.342105263157895	241	1	1	1	1	0	0	0	0	0	0	1	0	0	0	0	0	0	1	0	0
TCGA-EE-A2MQ	5.2894736842105265	201	1	1	1	0	0	0	1	0	0	0	0	0	0	0	0	1	0	0	0	1
TCGA-EE-A2MR	59.63157894736842	2266	1	1	0	1	1	0	1	0	0	0	1	1	1	0	1	1	0	1	1	1
TCGA-EE-A2MS	57.3421052631579	2179	1	1	0	1	1	1	1	1	1	1	1	1	1	1	1	1	1	1	1	1
TCGA-EE-A2MT	19.105263157894736	726	1	0	0	1	1	0	1	1	1	1	0	0	1	1	0	0	1	1	1	0
TCGA-EE-A2MU	13.157894736842104	500	1	0	0	1	1	1	0	0	1	1	0	0	0	1	0	0	1	0	1	0
TCGA-EE-A3AA	23.763157894736842	903	1	1	1	1	1	1	1	1	1	1	0	0	0	0	1	1	0	1	1	1
TCGA-EE-A3AB	13.973684210526315	531	1	1	1	0	0	0	0	1	0	0	1	1	0	0	0	0	0	1	0	1
TCGA-EE-A3AC	19.789473684210527	752	1	1	0	1	1	0	0	0	1	1	0	1	1	1	0	1	0	0	0	1
TCGA-EE-A3AD	8.368421052631579	318	0	0	1	1	1	0	1	1	0	0	0	0	0	0	1	1	0	1	0	1
TCGA-EE-A3AE	29.42105263157895	1118	1	1	0	1	1	1	1	1	0	0	1	0	1	1	1	0	0	1	1	0
TCGA-EE-A3AF	21.473684210526315	816	1	1	1	1	0	0	1	0	1	1	1	0	0	1	0	0	1	1	0	1
TCGA-EE-A3AG	32.89473684210526	1250	1	1	1	1	1	1	0	0	1	1	1	0	1	1	1	0	1	1	1	0
TCGA-EE-A3AH	8.236842105263158	313	1	0	1	0	1	0	1	0	0	0	1	0	0	1	0	1	0	1	0	0
TCGA-EE-A3J3	3.289473684210526	125	0	1	1	0	0	0	0	0	1	0	0	1	0	0	0	0	1	0	0	0
TCGA-EE-A3J4	6.5	247	0	1	1	1	0	0	0	1	0	0	0	0	1	1	0	0	0	0	0	1
TCGA-EE-A3J5	44.81578947368421	1703	1	1	0	1	1	1	1	0	1	1	1	1	1	1	1	1	0	1	0	1
TCGA-EE-A3J7	20.18421052631579	767	1	1	0	1	0	1	0	0	1	1	1	1	0	0	0	1	0	0	1	0
TCGA-EE-A3J8	5.473684210526316	208	1	1	0	1	1	1	0	0	0	1	1	1	0	0	0	0	0	0	0	1
TCGA-EE-A3JA	20.263157894736842	770	1	1	0	1	0	0	1	0	1	0	1	1	0	1	1	1	1	1	0	0
TCGA-EE-A3JB	12.947368421052632	492	1	0	1	1	0	1	1	0	0	0	1	1	1	0	0	1	0	1	0	0
TCGA-EE-A3JD	37.13157894736842	1411	1	1	1	1	1	1	1	1	0	1	1	1	0	1	1	1	1	0	1	1
TCGA-EE-A3JE	5.184210526315789	197	0	1	1	0	0	0	1	0	0	0	1	0	0	0	1	0	0	1	0	1
TCGA-EE-A3JH	3.3157894736842106	126	0	0	1	0	0	0	0	0	0	0	0	0	0	0	0	0	0	0	0	0
TCGA-EE-A3JI	24.236842105263158	921	1	1	0	0	1	0	1	1	1	0	1	1	0	0	0	1	1	0	1	0
TCGA-ER-A193	40.31578947368421	1532	1	1	1	1	1	1	1	1	1	1	0	1	1	1	1	1	1	1	0	1
TCGA-ER-A194	27.86842105263158	1059	1	1	0	1	1	1	1	1	0	0	1	0	0	0	1	1	0	1	0	1
TCGA-ER-A195	5.052631578947368	192	0	1	0	0	0	1	0	1	0	0	0	0	1	0	0	1	0	0	0	0
TCGA-ER-A196	0.42105263157894735	16	1	0	0	0	0	0	0	0	0	0	0	0	0	0	0	0	0	0	0	0
TCGA-ER-A197	0.8947368421052632	34	0	0	0	0	0	0	0	0	0	0	0	0	0	0	0	0	0	0	0	0
TCGA-ER-A198	10.18421052631579	387	1	1	1	1	1	1	0	0	0	1	1	0	1	0	1	1	0	0	0	1
TCGA-ER-A199	5.578947368421052	212	1	1	0	1	0	0	0	0	0	0	0	1	0	0	0	0	0	0	0	1
TCGA-ER-A19A	3.1052631578947367	118	0	1	0	0	0	0	1	1	0	0	0	0	0	0	0	0	0	0	0	0
TCGA-ER-A19B	2.236842105263158	85	0	0	1	0	0	0	0	0	0	0	0	0	0	0	0	0	0	0	0	0
TCGA-ER-A19C	1.4473684210526316	55	0	0	1	0	0	0	0	1	0	0	0	0	0	0	0	0	0	0	0	1
TCGA-ER-A19D	9.289473684210526	353	1	0	0	1	0	0	0	0	1	1	0	1	1	0	0	1	0	0	0	0
TCGA-ER-A19E	9.394736842105264	357	1	1	1	0	0	1	0	1	1	1	1	1	1	1	0	0	0	1	1	1
TCGA-ER-A19F	19.57894736842105	744	1	1	1	1	1	0	1	1	1	1	1	0	0	1	0	1	1	0	1	1
TCGA-ER-A19G	10.473684210526315	398	1	1	1	1	1	1	0	0	0	0	0	0	0	1	0	1	1	1	1	0
TCGA-ER-A19H	5.2105263157894735	198	1	1	1	0	1	1	0	0	0	0	0	0	0	0	0	0	0	0	0	0
TCGA-ER-A19J	4.2631578947368425	162	1	1	1	1	1	0	0	0	0	0	0	0	0	0	0	0	0	0	0	0
TCGA-ER-A19K	7.5	285	0	1	1	1	0	0	0	1	1	0	0	0	1	1	1	0	0	1	0	1
TCGA-ER-A19L	1.105263157894737	42	0	0	0	0	0	0	0	0	0	0	0	0	0	0	0	0	0	0	0	0
TCGA-ER-A19M	9.68421052631579	368	1	1	1	1	0	1	0	0	1	1	0	1	0	0	0	0	0	0	1	0
TCGA-ER-A19N	8.68421052631579	330	1	1	0	1	1	0	0	1	1	0	0	0	0	0	0	0	0	1	0	0
TCGA-ER-A19O	3.6315789473684212	138	1	1	1	0	0	0	0	0	0	0	0	0	0	0	0	0	0	0	0	0
TCGA-ER-A19P	3.526315789473684	134	1	1	0	0	0	0	0	0	0	0	0	0	0	0	0	0	0	1	0	0
TCGA-ER-A19Q	2.6315789473684212	100	1	0	1	0	0	0	0	0	0	1	0	0	0	0	0	0	0	0	0	0
TCGA-ER-A19S	3.8947368421052633	148	0	1	1	0	1	0	0	0	0	0	0	0	0	0	0	0	0	0	0	1
TCGA-ER-A19T	2.1315789473684212	81	0	0	0	0	0	0	0	0	0	0	0	0	0	0	0	0	0	0	0	0
TCGA-ER-A19W	6.447368421052632	245	0	0	0	1	0	1	1	0	0	1	0	0	0	1	1	0	0	1	0	0
TCGA-ER-A1A1	1.0789473684210527	41	0	0	0	1	0	0	0	0	0	0	0	0	0	0	0	0	0	0	0	0
TCGA-ER-A2NB	1.394736842105263	53	1	0	0	0	0	0	0	0	0	0	0	0	0	0	0	0	0	0	0	0
TCGA-ER-A2NC	7.842105263157895	298	1	1	1	0	1	0	0	0	1	1	0	1	0	0	0	1	0	1	0	1
TCGA-ER-A2ND	2.3157894736842106	88	1	0	1	0	0	1	1	0	0	0	0	0	0	0	0	0	1	0	0	0
TCGA-ER-A2NE	2.6052631578947367	99	1	1	0	0	0	0	0	0	0	0	0	0	0	0	0	0	0	0	0	0
TCGA-ER-A2NF	1.394736842105263	53	0	0	0	0	0	1	0	0	0	0	0	0	0	0	0	0	0	0	0	0
TCGA-ER-A2NG	5.184210526315789	197	0	0	1	0	0	0	0	0	0	1	0	1	1	0	0	0	0	0	0	0
TCGA-ER-A2NH	6.078947368421052	231	0	1	0	1	1	0	0	0	0	0	0	0	1	0	0	1	1	0	0	0
TCGA-ER-A3ES	0.5	19	0	0	0	0	0	0	0	0	0	0	0	0	0	0	0	0	0	0	0	0
TCGA-ER-A3ET	2.1052631578947367	80	0	0	0	0	0	0	0	0	0	0	0	0	0	0	0	0	0	0	0	0
TCGA-ER-A3EV	1.763157894736842	67	0	0	0	0	0	0	0	0	0	0	0	0	0	0	0	0	0	0	0	0
TCGA-ER-A3PL	7.0	266	1	1	1	1	1	1	0	1	0	0	0	0	0	0	0	0	0	0	0	1
TCGA-ER-A42H	1.263157894736842	48	0	1	0	0	0	0	0	0	0	0	0	0	0	0	0	0	0	0	0	0
TCGA-ER-A42K	4.2631578947368425	162	0	0	1	0	1	1	0	0	0	0	1	0	0	0	0	0	0	0	1	0
TCGA-ER-A42L	17.36842105263158	660	1	1	0	1	0	0	0	1	1	1	1	1	1	0	0	0	1	0	0	0
TCGA-FR-A2OS	0.3157894736842105	12	0	0	0	0	0	0	0	0	0	0	0	0	0	0	0	0	1	0	0	0
TCGA-FR-A3R1	8.31578947368421	316	1	1	0	1	0	1	1	1	0	0	1	0	0	0	0	0	0	0	0	0
TCGA-FR-A3YN	11.342105263157896	431	1	1	0	0	1	0	0	1	0	0	0	1	0	1	0	0	0	0	0	0
TCGA-FR-A3YO	17.18421052631579	653	1	1	1	1	1	1	0	0	0	0	1	0	1	1	1	1	1	1	0	1
TCGA-FR-A44A	5.868421052631579	223	1	0	1	1	0	0	0	1	1	0	0	0	0	1	0	1	0	0	0	1
TCGA-FR-A69P	4.526315789473684	172	0	1	0	0	1	0	0	1	0	0	0	0	0	0	0	0	0	0	1	0
TCGA-FR-A726	141.5	5377	1	1	0	1	1	1	1	1	1	1	1	1	1	1	1	1	1	1	1	1
TCGA-FR-A728	7.842105263157895	298	1	1	1	1	0	1	0	1	0	1	1	0	0	1	0	0	0	1	1	0
TCGA-FR-A729	17.81578947368421	677	1	1	1	1	1	1	1	1	1	0	1	1	1	0	1	1	1	0	1	0
TCGA-FR-A7U8	0.7105263157894737	27	0	0	0	0	0	0	0	0	0	0	0	0	0	0	0	0	0	0	0	0
TCGA-FR-A7U9	36.63157894736842	1392	1	1	0	1	1	0	1	1	0	1	1	1	1	0	1	1	1	1	1	1
TCGA-FR-A7UA	3.3421052631578947	127	1	0	1	0	1	1	0	0	0	0	0	0	0	1	0	0	0	0	1	0
TCGA-FR-A8YC	61.026315789473685	2319	1	1	0	1	1	1	1	1	1	1	1	1	1	1	1	0	1	1	1	1
TCGA-FR-A8YD	2.5	95	1	0	0	0	0	0	0	0	0	0	0	1	0	0	0	0	0	0	0	0
TCGA-FR-A8YE	6.2631578947368425	238	1	1	1	1	1	1	1	1	0	0	0	0	0	0	0	0	1	1	1	0
TCGA-FS-A1YW	3.1315789473684212	119	0	0	0	1	0	1	0	0	0	0	0	0	0	0	0	0	0	0	0	0
TCGA-FS-A1YX	0.631578947368421	24	0	0	1	0	0	0	0	0	0	0	0	0	0	0	0	0	0	0	0	0
TCGA-FS-A1YY	4.078947368421052	155	0	1	1	1	0	0	0	0	0	0	0	0	0	0	0	0	0	0	0	0
TCGA-FS-A1Z0	5.473684210526316	208	1	1	0	0	0	0	0	0	0	0	0	0	0	1	0	0	1	0	0	0
TCGA-FS-A1Z3	21.473684210526315	816	1	1	0	1	0	1	0	0	1	1	1	1	1	1	1	1	1	0	0	1
TCGA-FS-A1Z4	0.7894736842105263	30	0	0	0	0	0	1	0	1	0	1	0	0	0	0	0	0	0	0	0	0
TCGA-FS-A1Z7	3.5789473684210527	136	1	1	1	1	0	1	0	0	0	0	0	0	0	0	0	0	0	0	0	0
TCGA-FS-A1ZA	24.92105263157895	947	1	1	0	0	1	0	0	1	1	1	1	1	1	1	1	0	1	1	1	1
TCGA-FS-A1ZB	4.447368421052632	169	1	0	0	0	0	0	0	0	0	0	0	1	1	1	0	0	0	0	1	0
TCGA-FS-A1ZC	13.973684210526315	531	1	1	1	1	0	1	1	0	1	0	1	1	0	1	0	1	0	0	0	1
TCGA-FS-A1ZD	5.2105263157894735	198	0	0	1	1	0	0	0	0	0	0	1	0	0	0	0	0	0	0	0	0
TCGA-FS-A1ZE	2.9473684210526314	112	1	0	0	1	0	0	0	0	1	0	0	0	0	0	0	0	0	0	0	0
TCGA-FS-A1ZF	4.078947368421052	155	1	1	1	1	1	0	0	0	1	0	0	0	0	0	1	0	1	1	1	0
TCGA-FS-A1ZG	0.6578947368421053	25	0	0	0	0	0	0	0	0	0	0	0	0	0	0	0	0	0	0	0	0
TCGA-FS-A1ZH	0.631578947368421	24	0	0	1	0	0	0	0	0	0	0	0	0	0	0	0	0	0	0	0	0
TCGA-FS-A1ZJ	1.263157894736842	48	0	0	0	0	0	0	0	0	0	0	0	0	0	0	0	0	0	0	0	0
TCGA-FS-A1ZK	31.105263157894736	1182	1	1	0	0	1	1	0	1	1	1	0	0	1	0	1	1	0	0	0	1
TCGA-FS-A1ZM	5.026315789473684	191	1	1	1	0	0	0	0	0	0	0	1	0	0	1	0	0	0	0	0	0
TCGA-FS-A1ZN	2.026315789473684	77	1	1	1	0	0	0	0	0	1	0	0	0	0	0	0	0	0	0	0	0
TCGA-FS-A1ZP	8.31578947368421	316	1	1	0	1	1	1	0	1	0	0	0	1	0	0	0	0	0	0	1	0
TCGA-FS-A1ZQ	9.447368421052632	359	1	1	0	1	1	0	0	0	1	1	0	0	1	1	0	1	0	0	1	0
TCGA-FS-A1ZR	2.789473684210526	106	1	0	1	0	1	0	0	0	0	0	0	0	0	1	1	0	0	0	0	1
TCGA-FS-A1ZS	5.131578947368421	195	1	1	1	0	0	0	1	0	0	0	1	0	0	0	0	1	1	0	0	0
TCGA-FS-A1ZT	3.526315789473684	134	0	1	0	1	0	1	0	0	0	0	0	1	0	0	0	0	0	1	0	0
TCGA-FS-A1ZU	0.8947368421052632	34	0	0	0	0	0	0	0	0	0	0	0	0	0	0	0	0	0	0	0	0
TCGA-FS-A1ZW	13.789473684210526	524	1	1	0	1	1	0	1	0	1	1	0	1	0	1	1	1	1	1	0	1
TCGA-FS-A1ZY	0.5526315789473685	21	0	0	0	0	0	0	0	0	0	0	0	0	0	0	0	0	0	0	0	0
TCGA-FS-A1ZZ	29.92105263157895	1137	1	1	1	1	0	1	1	1	1	1	0	0	1	1	1	1	1	1	0	1
TCGA-FS-A4F0	11.368421052631579	432	1	0	0	1	1	0	0	0	0	1	1	0	1	1	0	1	1	1	1	1
TCGA-FS-A4F2	14.368421052631579	546	0	1	0	0	1	0	1	1	1	1	0	1	0	1	1	1	1	0	0	0
TCGA-FS-A4F4	0.868421052631579	33	0	0	0	0	0	0	0	0	0	0	0	0	0	0	0	0	0	0	0	0
TCGA-FS-A4F5	15.868421052631579	603	1	1	0	0	1	0	1	0	1	0	0	0	1	1	1	1	1	0	1	0
TCGA-FS-A4F8	3.4210526315789473	130	1	1	1	0	0	0	1	1	0	1	1	0	0	0	1	0	0	0	1	0
TCGA-FS-A4F9	9.263157894736842	352	1	1	0	0	0	0	0	0	0	0	1	0	1	1	1	1	0	0	0	0
TCGA-FS-A4FB	3.8157894736842106	145	0	0	1	0	0	1	0	0	0	0	0	0	0	0	0	0	0	1	0	0
TCGA-FS-A4FC	15.078947368421053	573	1	1	0	1	1	0	1	1	0	1	1	0	1	1	1	1	0	0	1	0
TCGA-FS-A4FD	9.368421052631579	356	1	1	0	0	0	0	0	1	0	0	1	0	1	0	0	0	0	1	0	1
TCGA-FW-A3I3	1.105263157894737	42	0	0	0	0	0	0	0	0	0	0	0	0	0	0	0	0	0	0	0	0
TCGA-FW-A3R5	364.7894736842105	13862	1	1	1	1	1	1	1	1	1	1	1	1	1	1	1	1	1	1	1	1
TCGA-FW-A3TU	15.736842105263158	598	1	1	0	1	1	0	1	0	0	0	1	1	1	1	0	0	0	1	0	1
TCGA-FW-A3TV	6.684210526315789	254	1	1	1	0	0	1	0	0	1	0	0	1	1	0	0	0	0	1	0	0
TCGA-FW-A5DX	3.9210526315789473	149	1	0	1	0	0	0	0	0	0	0	0	0	0	0	0	0	0	0	0	0
TCGA-FW-A5DY	2.6842105263157894	102	1	1	0	0	0	0	0	0	0	0	1	0	0	0	0	1	0	0	1	0
TCGA-GF-A2C7	1.5526315789473684	59	0	0	1	0	0	0	0	0	0	0	0	0	1	0	1	0	0	0	0	0
TCGA-GF-A3OT	10.894736842105264	414	1	0	0	1	1	1	0	1	1	0	1	1	0	0	0	1	0	0	0	1
TCGA-GF-A4EO	4.921052631578948	187	1	0	1	1	0	0	1	0	0	0	0	0	0	0	0	0	0	0	0	0
TCGA-GF-A6C8	7.7631578947368425	295	1	1	1	0	0	0	1	0	0	1	0	0	0	0	0	0	0	1	1	0
TCGA-GF-A6C9	53.18421052631579	2021	1	1	1	1	1	1	1	1	1	1	1	1	1	1	1	1	1	1	1	0
TCGA-GF-A769	2.8684210526315788	109	1	1	1	0	1	0	0	1	0	0	1	0	0	0	0	1	0	0	0	0
TCGA-GN-A262	7.131578947368421	271	0	1	1	0	1	1	1	1	1	0	0	0	0	0	0	1	1	0	0	0
TCGA-GN-A263	9.078947368421053	345	1	1	1	1	1	1	0	1	0	1	0	0	1	0	0	0	0	0	0	0
TCGA-GN-A264	0.9473684210526315	36	1	0	0	0	0	0	0	0	0	0	0	0	0	0	0	0	0	0	0	0
TCGA-GN-A265	4.2631578947368425	162	1	1	1	0	1	0	0	1	0	0	1	0	0	0	1	0	0	1	0	0
TCGA-GN-A266	76.73684210526316	2916	1	1	0	1	1	1	1	1	1	1	1	1	1	1	1	1	1	1	1	1
TCGA-GN-A267	8.68421052631579	330	0	1	0	0	1	1	0	0	0	0	0	1	0	0	0	0	0	1	0	0
TCGA-GN-A268	7.052631578947368	268	1	1	0	0	1	0	1	0	0	0	0	1	1	0	1	0	0	0	1	0
TCGA-GN-A269	14.552631578947368	553	1	1	1	1	1	1	0	1	1	0	1	0	0	0	1	1	0	0	1	0
TCGA-GN-A26A	6.7368421052631575	256	1	1	1	0	0	0	0	0	0	1	0	0	0	1	1	0	1	0	0	0
TCGA-GN-A26C	34.05263157894737	1294	1	1	0	1	1	1	1	0	1	1	0	1	0	1	1	0	1	1	1	1
TCGA-GN-A26D	1.0263157894736843	39	1	0	0	0	0	0	0	0	0	0	0	0	0	0	0	0	1	0	0	0
TCGA-GN-A4U3	6.2105263157894735	236	1	0	0	0	0	0	0	1	0	0	0	1	0	1	0	1	0	0	1	0
TCGA-GN-A4U4	14.31578947368421	544	1	1	0	1	1	1	0	1	1	1	1	0	0	0	1	0	0	0	1	0
TCGA-GN-A4U5	6.7105263157894735	255	1	1	1	0	1	0	0	0	0	1	0	0	0	0	0	0	0	0	1	0
TCGA-GN-A4U7	4.947368421052632	188	0	1	1	1	1	0	1	1	1	0	0	1	0	0	1	0	1	1	0	0
TCGA-GN-A4U8	8.263157894736842	314	1	1	1	1	1	0	0	0	0	0	0	1	0	1	0	0	1	0	1	0
TCGA-GN-A4U9	1.394736842105263	53	0	0	0	1	0	0	0	0	0	0	0	0	0	0	0	0	0	0	0	0
TCGA-GN-A8LK	41.13157894736842	1563	1	1	0	1	1	1	1	1	0	1	1	1	1	1	0	1	1	1	1	0
TCGA-GN-A8LL	1.0	38	0	0	0	0	0	0	0	0	0	0	0	0	0	0	0	0	0	0	0	0
TCGA-GN-A8LN	5.552631578947368	211	1	1	0	0	0	0	1	1	1	0	1	0	1	0	1	1	1	0	0	0
TCGA-GN-A9SD	2.789473684210526	106	1	1	1	0	0	0	0	0	0	0	0	0	0	0	1	0	0	0	1	0
TCGA-HR-A2OG	3.9473684210526314	150	1	0	0	0	0	0	0	0	0	0	0	0	0	0	0	0	0	0	1	0
TCGA-HR-A2OH	2.236842105263158	85	1	0	1	1	0	0	0	0	0	0	0	0	0	0	0	0	0	1	0	0
TCGA-HR-A5NC	1.236842105263158	47	0	0	1	0	0	0	0	0	0	0	0	0	1	0	0	1	0	0	0	0
TCGA-IH-A3EA	31.026315789473685	1179	1	1	1	1	1	1	1	1	1	1	0	0	1	1	1	1	1	1	1	1
TCGA-LH-A9QB	5.0	190	1	0	1	0	0	0	0	0	1	0	0	1	0	0	1	1	0	0	0	0
TCGA-OD-A75X	21.526315789473685	818	1	1	1	0	1	1	0	0	1	1	0	1	0	1	1	1	1	0	0	0
TCGA-QB-A6FS	23.763157894736842	903	1	1	1	1	1	1	1	1	1	1	0	1	0	1	1	1	1	0	1	1
TCGA-QB-AA9O	30.81578947368421	1171	1	1	0	1	1	0	1	1	1	1	1	1	0	1	0	0	0	1	0	1
TCGA-RP-A690	0.3684210526315789	14	0	0	0	0	0	0	0	0	0	0	0	0	0	0	0	0	0	0	0	0
TCGA-RP-A693	16.210526315789473	616	1	1	0	0	1	1	1	0	0	0	0	0	0	1	0	1	0	0	0	0
TCGA-RP-A694	14.552631578947368	553	1	1	0	1	1	1	1	0	1	0	1	1	0	1	1	0	0	0	1	0
TCGA-RP-A695	18.0	684	1	1	0	1	1	1	1	1	1	0	1	0	1	0	0	0	1	0	0	1
TCGA-RP-A6K9	1.105263157894737	42	0	0	0	0	0	0	0	0	0	0	0	0	0	0	0	0	0	0	0	0
TCGA-W3-A824	30.18421052631579	1147	1	1	0	1	1	1	0	0	0	1	0	1	0	1	1	1	1	0	1	1
TCGA-W3-A825	22.710526315789473	863	1	1	1	0	1	0	1	1	1	1	0	1	1	0	1	1	1	1	1	0
TCGA-W3-A828	29.026315789473685	1103	1	1	0	1	1	1	1	0	0	0	0	0	1	0	1	1	1	1	1	1
TCGA-W3-AA1O	15.5	589	1	1	1	1	0	1	0	0	1	1	1	1	0	0	0	0	0	1	1	1
TCGA-W3-AA1Q	18.894736842105264	718	1	1	1	1	1	1	0	1	0	0	1	1	1	0	1	1	1	0	1	1
TCGA-W3-AA1R	35.8421052631579	1362	1	1	1	1	1	1	1	1	1	0	1	1	1	1	1	0	0	1	0	0
TCGA-W3-AA1V	110.52631578947368	4200	1	1	1	1	1	1	1	1	1	1	1	1	1	1	1	1	1	1	1	1
TCGA-W3-AA1W	13.81578947368421	525	1	1	1	1	1	1	1	1	1	1	1	0	1	1	0	0	0	1	1	1
TCGA-W3-AA21	10.5	399	1	1	1	1	1	0	0	1	0	0	1	1	0	0	1	0	1	0	1	0
TCGA-WE-A8JZ	4.184210526315789	159	0	1	0	0	0	1	0	0	0	0	1	1	1	0	0	0	0	0	0	0
TCGA-WE-A8K1	6.921052631578948	263	1	1	0	0	0	0	0	1	1	1	1	0	1	1	0	1	0	0	1	1
TCGA-WE-A8K4	16.894736842105264	642	1	1	0	1	1	1	1	0	1	1	1	0	1	0	1	1	1	1	0	1
TCGA-WE-A8K5	22.973684210526315	873	1	1	1	1	1	1	0	1	1	1	0	1	0	1	1	0	0	1	0	1
TCGA-WE-A8K6	5.131578947368421	195	1	1	1	0	1	0	0	1	0	0	0	0	1	0	1	0	0	0	0	1
TCGA-WE-A8ZM	1.763157894736842	67	0	1	0	0	0	1	0	0	0	0	0	0	0	0	0	0	0	0	0	0
TCGA-WE-A8ZN	3.3947368421052633	129	1	0	0	0	0	0	0	0	0	0	1	1	0	0	0	0	1	0	0	0
TCGA-WE-A8ZO	7.2894736842105265	277	0	1	0	1	1	0	0	0	0	0	1	0	0	0	0	0	1	0	0	0
TCGA-WE-A8ZQ	3.5	133	1	1	1	0	1	1	1	0	0	0	0	0	0	0	0	0	0	0	0	0
TCGA-WE-A8ZR	0.6052631578947368	23	0	0	1	0	0	0	0	0	0	0	0	0	0	0	0	0	0	0	0	0
TCGA-WE-A8ZT	9.447368421052632	359	1	1	1	0	0	1	1	0	1	0	0	1	0	0	0	0	0	0	0	1
TCGA-WE-A8ZX	11.526315789473685	438	1	1	1	1	1	1	1	0	0	0	1	1	1	0	0	0	1	1	0	0
TCGA-WE-A8ZY	4.7631578947368425	181	1	0	0	0	1	0	0	0	0	0	0	1	0	1	0	1	0	0	0	0
TCGA-WE-AA9Y	1.2894736842105263	49	0	0	0	0	0	0	0	0	0	0	0	0	0	0	0	0	1	0	0	0
TCGA-WE-AAA0	29.94736842105263	1138	1	1	1	1	1	1	1	1	1	1	0	1	1	1	1	1	1	1	1	1
TCGA-WE-AAA3	7.2894736842105265	277	1	1	0	1	0	1	0	1	1	0	1	1	0	0	1	0	1	0	0	0
TCGA-WE-AAA4	4.7894736842105265	182	1	1	1	0	0	0	0	0	0	0	0	0	0	1	0	0	0	0	0	0
TCGA-XV-A9VZ	0.3157894736842105	12	0	0	0	0	0	0	0	0	0	0	0	0	0	0	0	0	0	0	0	0
TCGA-XV-A9W2	0.8157894736842105	31	0	0	0	0	0	1	0	0	0	0	0	0	0	0	0	0	0	0	0	0
TCGA-XV-A9W5	1.7894736842105263	68	1	1	1	0	0	0	0	0	0	0	0	0	0	0	0	0	0	0	0	0
TCGA-XV-AAZV	2.0789473684210527	79	1	0	1	0	0	0	0	0	0	1	0	0	0	0	0	0	0	0	0	0
TCGA-XV-AAZW	3.1052631578947367	118	1	0	1	0	0	0	0	0	0	0	0	0	0	0	0	1	0	0	0	0
TCGA-XV-AAZY	3.4473684210526314	131	1	1	0	1	0	0	0	1	0	0	0	1	0	0	0	0	0	0	0	0
TCGA-XV-AB01	4.2894736842105265	163	1	1	1	0	1	0	0	1	0	0	0	1	0	1	0	0	0	1	0	0
TCGA-YD-A89C	34.81578947368421	1323	1	1	0	1	0	1	1	1	1	1	1	1	1	1	1	1	0	1	1	0
TCGA-YD-A9TA	66.86842105263158	2541	1	1	0	1	1	1	1	1	1	1	1	1	1	1	1	1	0	0	1	1
TCGA-YD-A9TB	6.7105263157894735	255	1	1	1	1	1	1	1	1	0	1	0	0	0	0	0	1	0	1	0	0
TCGA-YG-AA3N	40.921052631578945	1555	1	1	1	1	1	1	1	1	1	1	0	1	1	1	1	1	0	1	1	1
TCGA-YG-AA3O	23.473684210526315	892	1	1	1	1	1	1	1	1	1	1	1	1	1	1	1	1	1	0	0	1
TCGA-YG-AA3P	1.5	57	0	0	0	0	1	0	0	0	0	0	0	0	0	0	0	0	0	0	0	0
TCGA-Z2-A8RT	59.55263157894737	2263	1	1	0	1	1	1	0	1	1	1	1	0	1	1	1	1	1	1	1	1
TCGA-Z2-AA3S	4.2894736842105265	163	0	1	0	1	0	0	1	0	0	0	0	0	0	0	0	0	0	0	1	0
TCGA-Z2-AA3V	8.710526315789474	331	1	0	1	1	1	1	0	0	0	0	0	0	0	0	1	0	1	0	0	0
